date,symbol,open,high,low,close,volume
2026-01-02,510300,4.000,4.030,3.990,4.010,1000000
2026-01-02,510500,6.000,6.040,5.980,6.010,900000
2026-01-02,512100,1.000,1.010,0.990,1.000,1500000
2026-01-02,518880,4.200,4.220,4.180,4.210,800000
2026-01-05,510300,4.010,4.050,4.000,4.040,1001000
2026-01-05,510500,6.010,6.060,5.990,6.020,901000
2026-01-05,512100,1.000,1.020,0.995,1.010,1501000
2026-01-05,518880,4.210,4.240,4.200,4.220,801000
2026-01-06,510300,4.040,4.080,4.030,4.070,1002000
2026-01-06,510500,6.020,6.090,6.000,6.050,902000
2026-01-06,512100,1.010,1.030,1.000,1.020,1502000
2026-01-06,518880,4.220,4.230,4.190,4.200,802000
2026-01-07,510300,4.070,4.100,4.050,4.090,1003000
2026-01-07,510500,6.050,6.120,6.040,6.100,903000
2026-01-07,512100,1.020,1.040,1.010,1.030,1503000
2026-01-07,518880,4.200,4.210,4.160,4.180,803000
2026-01-08,510300,4.090,4.130,4.080,4.120,1004000
2026-01-08,510500,6.100,6.160,6.080,6.140,904000
2026-01-08,512100,1.030,1.050,1.020,1.040,1504000
2026-01-08,518880,4.180,4.200,4.150,4.170,804000
2026-01-09,510300,4.120,4.150,4.100,4.130,1005000
2026-01-09,510500,6.140,6.200,6.130,6.190,905000
2026-01-09,512100,1.040,1.060,1.030,1.050,1505000
2026-01-09,518880,4.170,4.190,4.130,4.150,805000
2026-01-12,510300,4.130,4.170,4.120,4.160,1006000
2026-01-12,510500,6.190,6.250,6.180,6.230,906000
2026-01-12,512100,1.050,1.070,1.040,1.060,1506000
2026-01-12,518880,4.150,4.170,4.120,4.140,806000
2026-01-13,510300,4.160,4.200,4.150,4.190,1007000
2026-01-13,510500,6.230,6.290,6.220,6.280,907000
2026-01-13,512100,1.060,1.080,1.050,1.070,1507000
2026-01-13,518880,4.140,4.180,4.130,4.160,807000
2026-01-14,510300,4.190,4.220,4.170,4.200,1008000
2026-01-14,510500,6.280,6.340,6.260,6.310,908000
2026-01-14,512100,1.070,1.090,1.060,1.080,1508000
2026-01-14,518880,4.160,4.210,4.150,4.200,808000
2026-01-15,510300,4.200,4.240,4.190,4.230,1009000
2026-01-15,510500,6.310,6.390,6.300,6.370,909000
2026-01-15,512100,1.080,1.100,1.070,1.090,1509000
2026-01-15,518880,4.200,4.250,4.180,4.240,809000
2026-01-16,510300,4.230,4.260,4.210,4.250,1010000
2026-01-16,510500,6.370,6.420,6.350,6.400,910000
2026-01-16,512100,1.090,1.110,1.080,1.100,1510000
2026-01-16,518880,4.240,4.290,4.230,4.270,810000
2026-01-19,510300,4.250,4.300,4.240,4.290,1011000
2026-01-19,510500,6.400,6.470,6.390,6.460,911000
2026-01-19,512100,1.100,1.120,1.090,1.110,1511000
2026-01-19,518880,4.270,4.300,4.250,4.260,811000
2026-01-20,510300,4.290,4.310,4.260,4.280,1012000
2026-01-20,510500,6.460,6.510,6.430,6.480,912000
2026-01-20,512100,1.110,1.130,1.100,1.120,1512000
2026-01-20,518880,4.260,4.310,4.250,4.300,812000
2026-01-21,510300,4.280,4.330,4.270,4.320,1013000
2026-01-21,510500,6.480,6.540,6.470,6.520,913000
2026-01-21,512100,1.120,1.140,1.110,1.130,1513000
2026-01-21,518880,4.300,4.360,4.290,4.350,813000
2026-01-22,510300,4.320,4.350,4.300,4.340,1014000
2026-01-22,510500,6.520,6.580,6.500,6.560,914000
2026-01-22,512100,1.130,1.150,1.120,1.140,1514000
2026-01-22,518880,4.350,4.390,4.330,4.380,814000
2026-01-23,510300,4.340,4.380,4.320,4.360,1015000
2026-01-23,510500,6.560,6.610,6.530,6.590,915000
2026-01-23,512100,1.140,1.160,1.130,1.150,1515000
2026-01-23,518880,4.380,4.420,4.360,4.410,815000
2026-01-26,510300,4.360,4.400,4.340,4.390,1016000
2026-01-26,510500,6.590,6.640,6.560,6.600,916000
2026-01-26,512100,1.150,1.170,1.140,1.160,1516000
2026-01-26,518880,4.410,4.460,4.390,4.450,816000
2026-01-27,510300,4.390,4.420,4.370,4.400,1017000
2026-01-27,510500,6.600,6.670,6.590,6.650,917000
2026-01-27,512100,1.160,1.180,1.150,1.170,1517000
2026-01-27,518880,4.450,4.490,4.420,4.470,817000
2026-01-28,510300,4.400,4.430,4.360,4.380,1018000
2026-01-28,510500,6.650,6.700,6.620,6.680,918000
2026-01-28,512100,1.170,1.190,1.160,1.180,1518000
2026-01-28,518880,4.470,4.520,4.450,4.510,818000
2026-01-29,510300,4.380,4.410,4.340,4.360,1019000
2026-01-29,510500,6.680,6.730,6.650,6.710,919000
2026-01-29,512100,1.180,1.200,1.170,1.190,1519000
2026-01-29,518880,4.510,4.560,4.490,4.550,819000
2026-01-30,510300,4.360,4.390,4.320,4.340,1020000
2026-01-30,510500,6.710,6.760,6.680,6.740,920000
2026-01-30,512100,1.190,1.210,1.180,1.200,1520000
2026-01-30,518880,4.550,4.600,4.530,4.590,820000
2026-02-02,510300,4.340,4.370,4.300,4.330,1021000
2026-02-02,510500,6.740,6.800,6.720,6.780,921000
2026-02-02,512100,1.200,1.220,1.190,1.210,1521000
2026-02-02,518880,4.590,4.650,4.570,4.630,821000
2026-02-03,510300,4.330,4.360,4.290,4.310,1022000
2026-02-03,510500,6.780,6.840,6.760,6.820,922000
2026-02-03,512100,1.210,1.230,1.200,1.220,1522000
2026-02-03,518880,4.630,4.690,4.610,4.670,822000
2026-02-04,510300,4.310,4.340,4.280,4.300,1023000
2026-02-04,510500,6.820,6.880,6.800,6.850,923000
2026-02-04,512100,1.220,1.240,1.210,1.230,1523000
2026-02-04,518880,4.670,4.730,4.650,4.710,823000
2026-02-05,510300,4.300,4.330,4.260,4.280,1024000
2026-02-05,510500,6.850,6.920,6.830,6.890,924000
2026-02-05,512100,1.230,1.250,1.220,1.240,1524000
2026-02-05,518880,4.710,4.760,4.690,4.750,824000
2026-02-06,510300,4.280,4.310,4.240,4.260,1025000
2026-02-06,510500,6.890,6.950,6.860,6.920,925000
2026-02-06,512100,1.240,1.260,1.230,1.250,1525000
2026-02-06,518880,4.750,4.810,4.730,4.790,825000
2026-02-09,510300,4.260,4.290,4.220,4.240,1026000
2026-02-09,510500,6.920,6.990,6.900,6.960,926000
2026-02-09,512100,1.250,1.270,1.240,1.260,1526000
2026-02-09,518880,4.790,4.850,4.770,4.830,826000
2026-02-10,510300,4.240,4.270,4.200,4.220,1027000
2026-02-10,510500,6.960,7.030,6.940,7.000,927000
2026-02-10,512100,1.260,1.280,1.250,1.270,1527000
2026-02-10,518880,4.830,4.890,4.810,4.870,827000
2026-02-11,510300,4.220,4.250,4.180,4.200,1028000
2026-02-11,510500,7.000,7.060,6.970,7.030,928000
2026-02-11,512100,1.270,1.290,1.260,1.280,1528000
2026-02-11,518880,4.870,4.920,4.850,4.900,828000
